timestamp, index, name, memory.used [MiB], memory.free [MiB], utilization.gpu [%], power.draw [W], temperature.gpu
2026/07/27 03:00:56.275, 0, NVIDIA GeForce RTX 4080 SUPER, 11488 MiB, 4558 MiB, 25 %, 46.17 W, 47
2026/07/27 03:00:56.280, 1, NVIDIA GeForce RTX 4080 SUPER, 10751 MiB, 5295 MiB, 19 %, 34.10 W, 48
2026/07/27 03:00:56.282, 2, NVIDIA GeForce RTX 5070 Ti, 0 MiB, 15995 MiB, 0 %, 13.72 W, 38
2026/07/27 03:00:57.368, 0, NVIDIA GeForce RTX 4080 SUPER, 11488 MiB, 4558 MiB, 19 %, 33.81 W, 47
2026/07/27 03:00:57.370, 1, NVIDIA GeForce RTX 4080 SUPER, 10751 MiB, 5295 MiB, 17 %, 17.92 W, 48
2026/07/27 03:00:57.371, 2, NVIDIA GeForce RTX 5070 Ti, 0 MiB, 15995 MiB, 0 %, 13.71 W, 38
2026/07/27 03:00:58.455, 0, NVIDIA GeForce RTX 4080 SUPER, 11488 MiB, 4558 MiB, 0 %, 26.71 W, 46
2026/07/27 03:00:58.457, 1, NVIDIA GeForce RTX 4080 SUPER, 10754 MiB, 5292 MiB, 1 %, 17.57 W, 48
2026/07/27 03:00:58.458, 2, NVIDIA GeForce RTX 5070 Ti, 0 MiB, 15995 MiB, 0 %, 13.66 W, 38
2026/07/27 03:00:59.543, 0, NVIDIA GeForce RTX 4080 SUPER, 11488 MiB, 4558 MiB, 0 %, 21.23 W, 46
2026/07/27 03:00:59.544, 1, NVIDIA GeForce RTX 4080 SUPER, 10754 MiB, 5292 MiB, 0 %, 14.36 W, 48
2026/07/27 03:00:59.547, 2, NVIDIA GeForce RTX 5070 Ti, 0 MiB, 15995 MiB, 0 %, 13.66 W, 38
2026/07/27 03:01:00.631, 0, NVIDIA GeForce RTX 4080 SUPER, 11488 MiB, 4558 MiB, 0 %, 10.04 W, 46
2026/07/27 03:01:00.633, 1, NVIDIA GeForce RTX 4080 SUPER, 10754 MiB, 5292 MiB, 0 %, 10.52 W, 48
2026/07/27 03:01:00.635, 2, NVIDIA GeForce RTX 5070 Ti, 0 MiB, 15995 MiB, 0 %, 13.67 W, 38
2026/07/27 03:01:01.720, 0, NVIDIA GeForce RTX 4080 SUPER, 14310 MiB, 1736 MiB, 83 %, 16.86 W, 46
2026/07/27 03:01:01.722, 1, NVIDIA GeForce RTX 4080 SUPER, 14205 MiB, 1841 MiB, 76 %, 12.62 W, 48
2026/07/27 03:01:01.723, 2, NVIDIA GeForce RTX 5070 Ti, 0 MiB, 15995 MiB, 0 %, 13.74 W, 38
2026/07/27 03:01:02.809, 0, NVIDIA GeForce RTX 4080 SUPER, 14432 MiB, 1614 MiB, 24 %, 70.77 W, 50
2026/07/27 03:01:02.810, 1, NVIDIA GeForce RTX 4080 SUPER, 14325 MiB, 1721 MiB, 33 %, 58.93 W, 50
2026/07/27 03:01:02.811, 2, NVIDIA GeForce RTX 5070 Ti, 0 MiB, 15995 MiB, 0 %, 13.78 W, 38
2026/07/27 03:01:03.896, 0, NVIDIA GeForce RTX 4080 SUPER, 14506 MiB, 1540 MiB, 88 %, 165.35 W, 57
2026/07/27 03:01:03.898, 1, NVIDIA GeForce RTX 4080 SUPER, 14404 MiB, 1642 MiB, 84 %, 130.49 W, 57
2026/07/27 03:01:03.899, 2, NVIDIA GeForce RTX 5070 Ti, 0 MiB, 15995 MiB, 0 %, 13.57 W, 38
2026/07/27 03:01:04.983, 0, NVIDIA GeForce RTX 4080 SUPER, 14544 MiB, 1502 MiB, 48 %, 207.86 W, 53
2026/07/27 03:01:04.984, 1, NVIDIA GeForce RTX 4080 SUPER, 14442 MiB, 1604 MiB, 46 %, 162.09 W, 55
2026/07/27 03:01:04.986, 2, NVIDIA GeForce RTX 5070 Ti, 0 MiB, 15995 MiB, 0 %, 13.57 W, 38
2026/07/27 03:01:06.071, 0, NVIDIA GeForce RTX 4080 SUPER, 14546 MiB, 1500 MiB, 89 %, 219.45 W, 59
2026/07/27 03:01:06.073, 1, NVIDIA GeForce RTX 4080 SUPER, 14444 MiB, 1602 MiB, 83 %, 164.42 W, 57
2026/07/27 03:01:06.075, 2, NVIDIA GeForce RTX 5070 Ti, 0 MiB, 15995 MiB, 0 %, 13.62 W, 38
2026/07/27 03:01:07.160, 0, NVIDIA GeForce RTX 4080 SUPER, 14568 MiB, 1478 MiB, 46 %, 174.29 W, 55
2026/07/27 03:01:07.171, 1, NVIDIA GeForce RTX 4080 SUPER, 14459 MiB, 1587 MiB, 45 %, 140.60 W, 55
2026/07/27 03:01:07.172, 2, NVIDIA GeForce RTX 5070 Ti, 0 MiB, 15995 MiB, 0 %, 13.47 W, 38
2026/07/27 03:01:08.256, 0, NVIDIA GeForce RTX 4080 SUPER, 14568 MiB, 1478 MiB, 57 %, 166.37 W, 56
2026/07/27 03:01:08.265, 1, NVIDIA GeForce RTX 4080 SUPER, 14459 MiB, 1587 MiB, 51 %, 143.08 W, 55
2026/07/27 03:01:08.266, 2, NVIDIA GeForce RTX 5070 Ti, 0 MiB, 15995 MiB, 0 %, 13.46 W, 38
2026/07/27 03:01:09.351, 0, NVIDIA GeForce RTX 4080 SUPER, 14568 MiB, 1478 MiB, 6 %, 148.56 W, 51
2026/07/27 03:01:09.352, 1, NVIDIA GeForce RTX 4080 SUPER, 14458 MiB, 1588 MiB, 3 %, 125.00 W, 52
2026/07/27 03:01:09.353, 2, NVIDIA GeForce RTX 5070 Ti, 0 MiB, 15995 MiB, 0 %, 13.56 W, 38
2026/07/27 03:01:10.438, 0, NVIDIA GeForce RTX 4080 SUPER, 14570 MiB, 1476 MiB, 49 %, 155.82 W, 55
2026/07/27 03:01:10.439, 1, NVIDIA GeForce RTX 4080 SUPER, 14450 MiB, 1596 MiB, 48 %, 130.64 W, 55
2026/07/27 03:01:10.440, 2, NVIDIA GeForce RTX 5070 Ti, 0 MiB, 15995 MiB, 0 %, 13.80 W, 38
2026/07/27 03:01:11.525, 0, NVIDIA GeForce RTX 4080 SUPER, 14570 MiB, 1476 MiB, 12 %, 139.30 W, 51
2026/07/27 03:01:11.527, 1, NVIDIA GeForce RTX 4080 SUPER, 14449 MiB, 1597 MiB, 2 %, 114.53 W, 53
2026/07/27 03:01:11.528, 2, NVIDIA GeForce RTX 5070 Ti, 0 MiB, 15995 MiB, 0 %, 13.67 W, 38
2026/07/27 03:01:12.613, 0, NVIDIA GeForce RTX 4080 SUPER, 14574 MiB, 1472 MiB, 88 %, 192.70 W, 59
2026/07/27 03:01:12.615, 1, NVIDIA GeForce RTX 4080 SUPER, 14454 MiB, 1592 MiB, 83 %, 157.49 W, 58
2026/07/27 03:01:12.617, 2, NVIDIA GeForce RTX 5070 Ti, 0 MiB, 15995 MiB, 0 %, 13.56 W, 38
2026/07/27 03:01:13.701, 0, NVIDIA GeForce RTX 4080 SUPER, 14578 MiB, 1468 MiB, 85 %, 220.13 W, 61
2026/07/27 03:01:13.703, 1, NVIDIA GeForce RTX 4080 SUPER, 14458 MiB, 1588 MiB, 79 %, 171.54 W, 57
2026/07/27 03:01:13.704, 2, NVIDIA GeForce RTX 5070 Ti, 0 MiB, 15995 MiB, 0 %, 13.65 W, 38
2026/07/27 03:01:14.789, 0, NVIDIA GeForce RTX 4080 SUPER, 14578 MiB, 1468 MiB, 85 %, 195.69 W, 61
2026/07/27 03:01:14.791, 1, NVIDIA GeForce RTX 4080 SUPER, 14458 MiB, 1588 MiB, 79 %, 155.09 W, 59
2026/07/27 03:01:14.792, 2, NVIDIA GeForce RTX 5070 Ti, 0 MiB, 15995 MiB, 0 %, 13.61 W, 38
2026/07/27 03:01:15.877, 0, NVIDIA GeForce RTX 4080 SUPER, 14578 MiB, 1468 MiB, 45 %, 166.99 W, 57
2026/07/27 03:01:15.888, 1, NVIDIA GeForce RTX 4080 SUPER, 14458 MiB, 1588 MiB, 53 %, 142.27 W, 56
2026/07/27 03:01:15.889, 2, NVIDIA GeForce RTX 5070 Ti, 0 MiB, 15995 MiB, 0 %, 13.64 W, 38
2026/07/27 03:01:14.498, 0, NVIDIA GeForce RTX 4080 SUPER, 14578 MiB, 1468 MiB, 49 %, 172.47 W, 57
2026/07/27 03:01:14.499, 1, NVIDIA GeForce RTX 4080 SUPER, 14458 MiB, 1588 MiB, 44 %, 141.42 W, 56
2026/07/27 03:01:14.501, 2, NVIDIA GeForce RTX 5070 Ti, 0 MiB, 15995 MiB, 0 %, 13.65 W, 38
2026/07/27 03:01:15.585, 0, NVIDIA GeForce RTX 4080 SUPER, 14578 MiB, 1468 MiB, 46 %, 165.82 W, 57
2026/07/27 03:01:15.587, 1, NVIDIA GeForce RTX 4080 SUPER, 14447 MiB, 1599 MiB, 46 %, 139.41 W, 56
2026/07/27 03:01:15.588, 2, NVIDIA GeForce RTX 5070 Ti, 0 MiB, 15995 MiB, 0 %, 13.65 W, 38
2026/07/27 03:01:16.674, 0, NVIDIA GeForce RTX 4080 SUPER, 14578 MiB, 1468 MiB, 49 %, 169.71 W, 57
2026/07/27 03:01:16.675, 1, NVIDIA GeForce RTX 4080 SUPER, 14445 MiB, 1601 MiB, 44 %, 146.63 W, 57
2026/07/27 03:01:16.676, 2, NVIDIA GeForce RTX 5070 Ti, 0 MiB, 15995 MiB, 0 %, 13.69 W, 38
2026/07/27 03:01:17.762, 0, NVIDIA GeForce RTX 4080 SUPER, 14580 MiB, 1466 MiB, 62 %, 184.36 W, 62
2026/07/27 03:01:17.764, 1, NVIDIA GeForce RTX 4080 SUPER, 14446 MiB, 1600 MiB, 84 %, 150.85 W, 60
2026/07/27 03:01:17.766, 2, NVIDIA GeForce RTX 5070 Ti, 0 MiB, 15995 MiB, 0 %, 13.65 W, 38
2026/07/27 03:01:18.850, 0, NVIDIA GeForce RTX 4080 SUPER, 14580 MiB, 1466 MiB, 66 %, 185.74 W, 61
2026/07/27 03:01:18.852, 1, NVIDIA GeForce RTX 4080 SUPER, 14446 MiB, 1600 MiB, 76 %, 151.31 W, 59
2026/07/27 03:01:18.853, 2, NVIDIA GeForce RTX 5070 Ti, 0 MiB, 15995 MiB, 0 %, 13.73 W, 38
2026/07/27 03:01:19.937, 0, NVIDIA GeForce RTX 4080 SUPER, 14580 MiB, 1466 MiB, 49 %, 170.18 W, 57
2026/07/27 03:01:19.939, 1, NVIDIA GeForce RTX 4080 SUPER, 14446 MiB, 1600 MiB, 43 %, 143.25 W, 57
2026/07/27 03:01:19.941, 2, NVIDIA GeForce RTX 5070 Ti, 0 MiB, 15995 MiB, 0 %, 13.75 W, 38
2026/07/27 03:01:21.026, 0, NVIDIA GeForce RTX 4080 SUPER, 14580 MiB, 1466 MiB, 49 %, 170.20 W, 57
2026/07/27 03:01:21.028, 1, NVIDIA GeForce RTX 4080 SUPER, 14446 MiB, 1600 MiB, 43 %, 143.08 W, 57
2026/07/27 03:01:21.030, 2, NVIDIA GeForce RTX 5070 Ti, 0 MiB, 15995 MiB, 0 %, 13.75 W, 38
2026/07/27 03:01:22.115, 0, NVIDIA GeForce RTX 4080 SUPER, 14580 MiB, 1466 MiB, 43 %, 163.95 W, 57
2026/07/27 03:01:22.116, 1, NVIDIA GeForce RTX 4080 SUPER, 14446 MiB, 1600 MiB, 36 %, 137.91 W, 57
2026/07/27 03:01:22.118, 2, NVIDIA GeForce RTX 5070 Ti, 0 MiB, 15995 MiB, 0 %, 13.78 W, 38
2026/07/27 03:01:23.202, 0, NVIDIA GeForce RTX 4080 SUPER, 14580 MiB, 1466 MiB, 48 %, 155.91 W, 56
2026/07/27 03:01:23.204, 1, NVIDIA GeForce RTX 4080 SUPER, 14441 MiB, 1605 MiB, 43 %, 130.88 W, 57
2026/07/27 03:01:23.206, 2, NVIDIA GeForce RTX 5070 Ti, 0 MiB, 15995 MiB, 0 %, 13.64 W, 38
2026/07/27 03:01:24.290, 0, NVIDIA GeForce RTX 4080 SUPER, 14580 MiB, 1466 MiB, 42 %, 158.93 W, 57
2026/07/27 03:01:24.292, 1, NVIDIA GeForce RTX 4080 SUPER, 14456 MiB, 1590 MiB, 47 %, 134.47 W, 57
2026/07/27 03:01:24.293, 2, NVIDIA GeForce RTX 5070 Ti, 0 MiB, 15995 MiB, 0 %, 13.71 W, 38
2026/07/27 03:01:25.378, 0, NVIDIA GeForce RTX 4080 SUPER, 14580 MiB, 1466 MiB, 49 %, 162.76 W, 57
2026/07/27 03:01:25.380, 1, NVIDIA GeForce RTX 4080 SUPER, 14507 MiB, 1538 MiB, 44 %, 138.26 W, 57
2026/07/27 03:01:25.381, 2, NVIDIA GeForce RTX 5070 Ti, 0 MiB, 15995 MiB, 0 %, 13.77 W, 38
2026/07/27 03:01:26.466, 0, NVIDIA GeForce RTX 4080 SUPER, 14580 MiB, 1466 MiB, 48 %, 169.57 W, 58
2026/07/27 03:01:26.468, 1, NVIDIA GeForce RTX 4080 SUPER, 14507 MiB, 1538 MiB, 44 %, 143.01 W, 57
2026/07/27 03:01:26.470, 2, NVIDIA GeForce RTX 5070 Ti, 0 MiB, 15995 MiB, 0 %, 13.82 W, 38
2026/07/27 03:01:27.555, 0, NVIDIA GeForce RTX 4080 SUPER, 14606 MiB, 1440 MiB, 50 %, 161.21 W, 54
2026/07/27 03:01:27.556, 1, NVIDIA GeForce RTX 4080 SUPER, 14539 MiB, 1506 MiB, 45 %, 136.24 W, 56
2026/07/27 03:01:27.558, 2, NVIDIA GeForce RTX 5070 Ti, 0 MiB, 15995 MiB, 0 %, 13.95 W, 38
2026/07/27 03:01:28.642, 0, NVIDIA GeForce RTX 4080 SUPER, 14606 MiB, 1440 MiB, 47 %, 169.25 W, 58
2026/07/27 03:01:28.644, 1, NVIDIA GeForce RTX 4080 SUPER, 14539 MiB, 1506 MiB, 44 %, 142.78 W, 58
2026/07/27 03:01:28.645, 2, NVIDIA GeForce RTX 5070 Ti, 0 MiB, 15995 MiB, 0 %, 13.99 W, 38
2026/07/27 03:01:29.730, 0, NVIDIA GeForce RTX 4080 SUPER, 14606 MiB, 1440 MiB, 49 %, 170.07 W, 58
2026/07/27 03:01:29.731, 1, NVIDIA GeForce RTX 4080 SUPER, 14539 MiB, 1506 MiB, 44 %, 143.04 W, 57
2026/07/27 03:01:29.733, 2, NVIDIA GeForce RTX 5070 Ti, 0 MiB, 15995 MiB, 0 %, 14.20 W, 38
2026/07/27 03:01:30.818, 0, NVIDIA GeForce RTX 4080 SUPER, 14606 MiB, 1440 MiB, 51 %, 170.02 W, 58
2026/07/27 03:01:30.820, 1, NVIDIA GeForce RTX 4080 SUPER, 14539 MiB, 1506 MiB, 40 %, 140.29 W, 58
2026/07/27 03:01:30.821, 2, NVIDIA GeForce RTX 5070 Ti, 0 MiB, 15995 MiB, 0 %, 14.13 W, 38
2026/07/27 03:01:31.906, 0, NVIDIA GeForce RTX 4080 SUPER, 14610 MiB, 1436 MiB, 89 %, 200.01 W, 61
2026/07/27 03:01:31.908, 1, NVIDIA GeForce RTX 4080 SUPER, 14543 MiB, 1502 MiB, 84 %, 161.90 W, 61
2026/07/27 03:01:31.909, 2, NVIDIA GeForce RTX 5070 Ti, 0 MiB, 15995 MiB, 0 %, 13.60 W, 38
2026/07/27 03:01:32.994, 0, NVIDIA GeForce RTX 4080 SUPER, 14612 MiB, 1434 MiB, 82 %, 215.08 W, 62
2026/07/27 03:01:32.995, 1, NVIDIA GeForce RTX 4080 SUPER, 14513 MiB, 1533 MiB, 82 %, 172.20 W, 60
2026/07/27 03:01:32.997, 2, NVIDIA GeForce RTX 5070 Ti, 0 MiB, 15995 MiB, 0 %, 13.61 W, 38
2026/07/27 03:01:34.082, 0, NVIDIA GeForce RTX 4080 SUPER, 14612 MiB, 1434 MiB, 44 %, 174.30 W, 58
2026/07/27 03:01:34.084, 1, NVIDIA GeForce RTX 4080 SUPER, 14469 MiB, 1577 MiB, 49 %, 144.34 W, 57
2026/07/27 03:01:34.085, 2, NVIDIA GeForce RTX 5070 Ti, 0 MiB, 15995 MiB, 0 %, 13.97 W, 38
2026/07/27 03:01:35.171, 0, NVIDIA GeForce RTX 4080 SUPER, 14612 MiB, 1434 MiB, 48 %, 164.44 W, 58
2026/07/27 03:01:35.172, 1, NVIDIA GeForce RTX 4080 SUPER, 14498 MiB, 1548 MiB, 47 %, 139.39 W, 57
2026/07/27 03:01:35.174, 2, NVIDIA GeForce RTX 5070 Ti, 0 MiB, 15995 MiB, 0 %, 13.91 W, 38
2026/07/27 03:01:36.260, 0, NVIDIA GeForce RTX 4080 SUPER, 14612 MiB, 1434 MiB, 49 %, 168.38 W, 58
2026/07/27 03:01:36.261, 1, NVIDIA GeForce RTX 4080 SUPER, 14498 MiB, 1548 MiB, 43 %, 142.64 W, 57
2026/07/27 03:01:36.262, 2, NVIDIA GeForce RTX 5070 Ti, 0 MiB, 15995 MiB, 0 %, 13.65 W, 38
2026/07/27 03:01:37.347, 0, NVIDIA GeForce RTX 4080 SUPER, 14612 MiB, 1434 MiB, 49 %, 169.84 W, 58
2026/07/27 03:01:37.349, 1, NVIDIA GeForce RTX 4080 SUPER, 14497 MiB, 1549 MiB, 45 %, 143.43 W, 57
2026/07/27 03:01:37.350, 2, NVIDIA GeForce RTX 5070 Ti, 0 MiB, 15995 MiB, 0 %, 13.81 W, 38
2026/07/27 03:01:38.435, 0, NVIDIA GeForce RTX 4080 SUPER, 14612 MiB, 1434 MiB, 48 %, 170.27 W, 58
2026/07/27 03:01:38.436, 1, NVIDIA GeForce RTX 4080 SUPER, 14497 MiB, 1549 MiB, 44 %, 143.59 W, 58
2026/07/27 03:01:38.438, 2, NVIDIA GeForce RTX 5070 Ti, 0 MiB, 15995 MiB, 0 %, 13.86 W, 38
2026/07/27 03:01:39.523, 0, NVIDIA GeForce RTX 4080 SUPER, 14612 MiB, 1434 MiB, 49 %, 170.54 W, 58
2026/07/27 03:01:39.524, 1, NVIDIA GeForce RTX 4080 SUPER, 14497 MiB, 1549 MiB, 44 %, 144.10 W, 57
2026/07/27 03:01:39.526, 2, NVIDIA GeForce RTX 5070 Ti, 0 MiB, 15995 MiB, 0 %, 13.85 W, 38
2026/07/27 03:01:40.611, 0, NVIDIA GeForce RTX 4080 SUPER, 14612 MiB, 1434 MiB, 50 %, 170.12 W, 59
2026/07/27 03:01:40.613, 1, NVIDIA GeForce RTX 4080 SUPER, 14497 MiB, 1549 MiB, 45 %, 143.72 W, 57
2026/07/27 03:01:40.614, 2, NVIDIA GeForce RTX 5070 Ti, 0 MiB, 15995 MiB, 0 %, 13.87 W, 38
2026/07/27 03:01:41.700, 0, NVIDIA GeForce RTX 4080 SUPER, 14612 MiB, 1434 MiB, 48 %, 169.92 W, 59
2026/07/27 03:01:41.702, 1, NVIDIA GeForce RTX 4080 SUPER, 14497 MiB, 1549 MiB, 44 %, 143.82 W, 58
2026/07/27 03:01:41.703, 2, NVIDIA GeForce RTX 5070 Ti, 0 MiB, 15995 MiB, 0 %, 13.81 W, 38
2026/07/27 03:01:42.788, 0, NVIDIA GeForce RTX 4080 SUPER, 14612 MiB, 1434 MiB, 48 %, 166.01 W, 59
2026/07/27 03:01:42.790, 1, NVIDIA GeForce RTX 4080 SUPER, 14591 MiB, 1455 MiB, 45 %, 141.25 W, 57
2026/07/27 03:01:42.791, 2, NVIDIA GeForce RTX 5070 Ti, 0 MiB, 15995 MiB, 0 %, 13.77 W, 38
2026/07/27 03:01:43.876, 0, NVIDIA GeForce RTX 4080 SUPER, 14612 MiB, 1434 MiB, 47 %, 168.48 W, 59
2026/07/27 03:01:43.877, 1, NVIDIA GeForce RTX 4080 SUPER, 14591 MiB, 1455 MiB, 45 %, 142.50 W, 57
2026/07/27 03:01:43.878, 2, NVIDIA GeForce RTX 5070 Ti, 0 MiB, 15995 MiB, 0 %, 13.76 W, 38
2026/07/27 03:01:45.150, 0, NVIDIA GeForce RTX 4080 SUPER, 14612 MiB, 1434 MiB, 41 %, 164.22 W, 58
2026/07/27 03:01:45.151, 1, NVIDIA GeForce RTX 4080 SUPER, 14817 MiB, 1229 MiB, 48 %, 140.01 W, 57
2026/07/27 03:01:45.152, 2, NVIDIA GeForce RTX 5070 Ti, 0 MiB, 15995 MiB, 0 %, 13.70 W, 38
2026/07/27 03:01:43.760, 0, NVIDIA GeForce RTX 4080 SUPER, 14612 MiB, 1434 MiB, 50 %, 163.42 W, 59
2026/07/27 03:01:43.762, 1, NVIDIA GeForce RTX 4080 SUPER, 14497 MiB, 1549 MiB, 44 %, 138.10 W, 57
2026/07/27 03:01:43.764, 2, NVIDIA GeForce RTX 5070 Ti, 0 MiB, 15995 MiB, 0 %, 13.72 W, 38
2026/07/27 03:01:44.849, 0, NVIDIA GeForce RTX 4080 SUPER, 14612 MiB, 1434 MiB, 49 %, 171.65 W, 58
2026/07/27 03:01:44.851, 1, NVIDIA GeForce RTX 4080 SUPER, 14497 MiB, 1549 MiB, 44 %, 144.61 W, 58
2026/07/27 03:01:44.852, 2, NVIDIA GeForce RTX 5070 Ti, 0 MiB, 15995 MiB, 0 %, 13.98 W, 38
2026/07/27 03:01:45.937, 0, NVIDIA GeForce RTX 4080 SUPER, 14612 MiB, 1434 MiB, 50 %, 172.45 W, 59
2026/07/27 03:01:45.938, 1, NVIDIA GeForce RTX 4080 SUPER, 14497 MiB, 1549 MiB, 44 %, 144.65 W, 58
2026/07/27 03:01:45.940, 2, NVIDIA GeForce RTX 5070 Ti, 0 MiB, 15995 MiB, 0 %, 13.94 W, 38
2026/07/27 03:01:47.025, 0, NVIDIA GeForce RTX 4080 SUPER, 14612 MiB, 1434 MiB, 49 %, 170.99 W, 58
2026/07/27 03:01:47.026, 1, NVIDIA GeForce RTX 4080 SUPER, 14497 MiB, 1549 MiB, 45 %, 143.88 W, 58
2026/07/27 03:01:47.028, 2, NVIDIA GeForce RTX 5070 Ti, 0 MiB, 15995 MiB, 0 %, 13.77 W, 38
2026/07/27 03:01:48.114, 0, NVIDIA GeForce RTX 4080 SUPER, 14612 MiB, 1434 MiB, 49 %, 170.76 W, 59
2026/07/27 03:01:48.115, 1, NVIDIA GeForce RTX 4080 SUPER, 14497 MiB, 1549 MiB, 45 %, 144.07 W, 58
2026/07/27 03:01:48.117, 2, NVIDIA GeForce RTX 5070 Ti, 0 MiB, 15995 MiB, 0 %, 13.81 W, 38
2026/07/27 03:01:49.203, 0, NVIDIA GeForce RTX 4080 SUPER, 14612 MiB, 1434 MiB, 48 %, 170.66 W, 59
2026/07/27 03:01:49.204, 1, NVIDIA GeForce RTX 4080 SUPER, 14497 MiB, 1549 MiB, 45 %, 143.73 W, 58
2026/07/27 03:01:49.205, 2, NVIDIA GeForce RTX 5070 Ti, 0 MiB, 15995 MiB, 0 %, 13.93 W, 38
2026/07/27 03:01:50.290, 0, NVIDIA GeForce RTX 4080 SUPER, 14612 MiB, 1434 MiB, 49 %, 170.48 W, 59
2026/07/27 03:01:50.291, 1, NVIDIA GeForce RTX 4080 SUPER, 14497 MiB, 1549 MiB, 45 %, 143.58 W, 58
2026/07/27 03:01:50.293, 2, NVIDIA GeForce RTX 5070 Ti, 0 MiB, 15995 MiB, 0 %, 13.87 W, 38
2026/07/27 03:01:51.377, 0, NVIDIA GeForce RTX 4080 SUPER, 14612 MiB, 1434 MiB, 49 %, 170.62 W, 59
2026/07/27 03:01:51.380, 1, NVIDIA GeForce RTX 4080 SUPER, 14497 MiB, 1549 MiB, 45 %, 144.25 W, 58
2026/07/27 03:01:51.381, 2, NVIDIA GeForce RTX 5070 Ti, 0 MiB, 15995 MiB, 0 %, 13.80 W, 38
2026/07/27 03:01:52.467, 0, NVIDIA GeForce RTX 4080 SUPER, 14612 MiB, 1434 MiB, 49 %, 171.21 W, 59
2026/07/27 03:01:52.468, 1, NVIDIA GeForce RTX 4080 SUPER, 14497 MiB, 1549 MiB, 45 %, 144.25 W, 58
2026/07/27 03:01:52.470, 2, NVIDIA GeForce RTX 5070 Ti, 0 MiB, 15995 MiB, 0 %, 13.87 W, 38
2026/07/27 03:01:53.555, 0, NVIDIA GeForce RTX 4080 SUPER, 14612 MiB, 1434 MiB, 49 %, 171.06 W, 59
2026/07/27 03:01:53.557, 1, NVIDIA GeForce RTX 4080 SUPER, 14497 MiB, 1549 MiB, 45 %, 144.44 W, 58
2026/07/27 03:01:53.558, 2, NVIDIA GeForce RTX 5070 Ti, 0 MiB, 15995 MiB, 0 %, 14.07 W, 38
2026/07/27 03:01:54.643, 0, NVIDIA GeForce RTX 4080 SUPER, 14612 MiB, 1434 MiB, 49 %, 170.98 W, 59
2026/07/27 03:01:54.645, 1, NVIDIA GeForce RTX 4080 SUPER, 14494 MiB, 1552 MiB, 45 %, 144.02 W, 58
2026/07/27 03:01:54.646, 2, NVIDIA GeForce RTX 5070 Ti, 0 MiB, 15995 MiB, 0 %, 13.95 W, 38
2026/07/27 03:01:55.732, 0, NVIDIA GeForce RTX 4080 SUPER, 14612 MiB, 1434 MiB, 49 %, 171.00 W, 60
2026/07/27 03:01:55.733, 1, NVIDIA GeForce RTX 4080 SUPER, 14494 MiB, 1552 MiB, 45 %, 144.20 W, 58
2026/07/27 03:01:55.734, 2, NVIDIA GeForce RTX 5070 Ti, 0 MiB, 15995 MiB, 0 %, 13.78 W, 38
2026/07/27 03:01:56.819, 0, NVIDIA GeForce RTX 4080 SUPER, 14612 MiB, 1434 MiB, 49 %, 171.01 W, 60
2026/07/27 03:01:56.821, 1, NVIDIA GeForce RTX 4080 SUPER, 14494 MiB, 1552 MiB, 45 %, 144.00 W, 58
2026/07/27 03:01:56.823, 2, NVIDIA GeForce RTX 5070 Ti, 0 MiB, 15995 MiB, 0 %, 13.86 W, 38
2026/07/27 03:01:57.908, 0, NVIDIA GeForce RTX 4080 SUPER, 14612 MiB, 1434 MiB, 49 %, 171.29 W, 60
2026/07/27 03:01:57.910, 1, NVIDIA GeForce RTX 4080 SUPER, 14494 MiB, 1552 MiB, 44 %, 143.91 W, 58
2026/07/27 03:01:57.912, 2, NVIDIA GeForce RTX 5070 Ti, 0 MiB, 15995 MiB, 0 %, 13.84 W, 38
2026/07/27 03:01:58.997, 0, NVIDIA GeForce RTX 4080 SUPER, 14612 MiB, 1434 MiB, 49 %, 170.86 W, 60
2026/07/27 03:01:58.998, 1, NVIDIA GeForce RTX 4080 SUPER, 14494 MiB, 1552 MiB, 44 %, 144.31 W, 58
2026/07/27 03:01:58.999, 2, NVIDIA GeForce RTX 5070 Ti, 0 MiB, 15995 MiB, 0 %, 13.78 W, 38
2026/07/27 03:02:00.084, 0, NVIDIA GeForce RTX 4080 SUPER, 14612 MiB, 1434 MiB, 49 %, 170.66 W, 60
2026/07/27 03:02:00.086, 1, NVIDIA GeForce RTX 4080 SUPER, 14494 MiB, 1552 MiB, 45 %, 143.98 W, 58
2026/07/27 03:02:00.087, 2, NVIDIA GeForce RTX 5070 Ti, 0 MiB, 15995 MiB, 0 %, 13.84 W, 38
2026/07/27 03:02:01.173, 0, NVIDIA GeForce RTX 4080 SUPER, 14612 MiB, 1434 MiB, 48 %, 170.87 W, 59
2026/07/27 03:02:01.175, 1, NVIDIA GeForce RTX 4080 SUPER, 14494 MiB, 1552 MiB, 44 %, 144.17 W, 58
2026/07/27 03:02:01.177, 2, NVIDIA GeForce RTX 5070 Ti, 0 MiB, 15995 MiB, 0 %, 13.89 W, 38
2026/07/27 03:02:02.262, 0, NVIDIA GeForce RTX 4080 SUPER, 14612 MiB, 1434 MiB, 48 %, 171.56 W, 60
2026/07/27 03:02:02.263, 1, NVIDIA GeForce RTX 4080 SUPER, 14494 MiB, 1552 MiB, 44 %, 144.18 W, 58
2026/07/27 03:02:02.265, 2, NVIDIA GeForce RTX 5070 Ti, 0 MiB, 15995 MiB, 0 %, 13.77 W, 38
2026/07/27 03:02:03.350, 0, NVIDIA GeForce RTX 4080 SUPER, 14612 MiB, 1434 MiB, 50 %, 171.55 W, 60
2026/07/27 03:02:03.351, 1, NVIDIA GeForce RTX 4080 SUPER, 14490 MiB, 1556 MiB, 45 %, 144.25 W, 58
2026/07/27 03:02:03.352, 2, NVIDIA GeForce RTX 5070 Ti, 0 MiB, 15995 MiB, 0 %, 13.74 W, 38
2026/07/27 03:02:04.437, 0, NVIDIA GeForce RTX 4080 SUPER, 14612 MiB, 1434 MiB, 50 %, 171.88 W, 60
2026/07/27 03:02:04.439, 1, NVIDIA GeForce RTX 4080 SUPER, 14490 MiB, 1556 MiB, 44 %, 144.88 W, 58
2026/07/27 03:02:04.440, 2, NVIDIA GeForce RTX 5070 Ti, 0 MiB, 15995 MiB, 0 %, 13.89 W, 38
2026/07/27 03:02:05.526, 0, NVIDIA GeForce RTX 4080 SUPER, 14612 MiB, 1434 MiB, 48 %, 171.47 W, 60
2026/07/27 03:02:05.527, 1, NVIDIA GeForce RTX 4080 SUPER, 14488 MiB, 1558 MiB, 45 %, 144.78 W, 58
2026/07/27 03:02:05.529, 2, NVIDIA GeForce RTX 5070 Ti, 0 MiB, 15995 MiB, 0 %, 13.92 W, 38
2026/07/27 03:02:06.614, 0, NVIDIA GeForce RTX 4080 SUPER, 14612 MiB, 1434 MiB, 50 %, 171.62 W, 60
2026/07/27 03:02:06.616, 1, NVIDIA GeForce RTX 4080 SUPER, 14488 MiB, 1558 MiB, 44 %, 144.54 W, 58
2026/07/27 03:02:06.617, 2, NVIDIA GeForce RTX 5070 Ti, 0 MiB, 15995 MiB, 0 %, 13.85 W, 38
2026/07/27 03:02:07.702, 0, NVIDIA GeForce RTX 4080 SUPER, 14612 MiB, 1434 MiB, 49 %, 172.05 W, 60
2026/07/27 03:02:07.703, 1, NVIDIA GeForce RTX 4080 SUPER, 14488 MiB, 1558 MiB, 44 %, 144.62 W, 58
2026/07/27 03:02:07.704, 2, NVIDIA GeForce RTX 5070 Ti, 0 MiB, 15995 MiB, 0 %, 13.99 W, 38
2026/07/27 03:02:08.790, 0, NVIDIA GeForce RTX 4080 SUPER, 14612 MiB, 1434 MiB, 52 %, 171.64 W, 60
2026/07/27 03:02:08.791, 1, NVIDIA GeForce RTX 4080 SUPER, 14488 MiB, 1558 MiB, 44 %, 142.43 W, 57
2026/07/27 03:02:08.793, 2, NVIDIA GeForce RTX 5070 Ti, 0 MiB, 15995 MiB, 0 %, 14.02 W, 38
2026/07/27 03:02:09.878, 0, NVIDIA GeForce RTX 4080 SUPER, 14616 MiB, 1430 MiB, 48 %, 156.51 W, 60
2026/07/27 03:02:09.879, 1, NVIDIA GeForce RTX 4080 SUPER, 14492 MiB, 1554 MiB, 46 %, 131.97 W, 58
2026/07/27 03:02:09.881, 2, NVIDIA GeForce RTX 5070 Ti, 0 MiB, 15995 MiB, 0 %, 14.37 W, 38
2026/07/27 03:02:10.966, 0, NVIDIA GeForce RTX 4080 SUPER, 14616 MiB, 1430 MiB, 49 %, 171.04 W, 60
2026/07/27 03:02:10.968, 1, NVIDIA GeForce RTX 4080 SUPER, 14492 MiB, 1554 MiB, 46 %, 143.98 W, 58
2026/07/27 03:02:10.970, 2, NVIDIA GeForce RTX 5070 Ti, 0 MiB, 15995 MiB, 0 %, 14.32 W, 38
2026/07/27 03:02:12.055, 0, NVIDIA GeForce RTX 4080 SUPER, 14616 MiB, 1430 MiB, 49 %, 171.27 W, 61
2026/07/27 03:02:12.056, 1, NVIDIA GeForce RTX 4080 SUPER, 14492 MiB, 1554 MiB, 45 %, 144.40 W, 58
2026/07/27 03:02:12.058, 2, NVIDIA GeForce RTX 5070 Ti, 0 MiB, 15995 MiB, 0 %, 14.23 W, 38
2026/07/27 03:02:13.143, 0, NVIDIA GeForce RTX 4080 SUPER, 14616 MiB, 1430 MiB, 50 %, 172.83 W, 60
2026/07/27 03:02:13.145, 1, NVIDIA GeForce RTX 4080 SUPER, 14492 MiB, 1554 MiB, 45 %, 145.08 W, 58
2026/07/27 03:02:13.146, 2, NVIDIA GeForce RTX 5070 Ti, 0 MiB, 15995 MiB, 0 %, 14.08 W, 38
2026/07/27 03:02:14.232, 0, NVIDIA GeForce RTX 4080 SUPER, 14616 MiB, 1430 MiB, 49 %, 172.49 W, 61
2026/07/27 03:02:14.233, 1, NVIDIA GeForce RTX 4080 SUPER, 14492 MiB, 1554 MiB, 45 %, 144.68 W, 58
2026/07/27 03:02:14.235, 2, NVIDIA GeForce RTX 5070 Ti, 0 MiB, 15995 MiB, 0 %, 14.13 W, 38
2026/07/27 03:02:15.320, 0, NVIDIA GeForce RTX 4080 SUPER, 14616 MiB, 1430 MiB, 50 %, 171.98 W, 61
2026/07/27 03:02:15.322, 1, NVIDIA GeForce RTX 4080 SUPER, 14492 MiB, 1554 MiB, 44 %, 144.20 W, 58
2026/07/27 03:02:15.323, 2, NVIDIA GeForce RTX 5070 Ti, 0 MiB, 15995 MiB, 0 %, 13.99 W, 38
2026/07/27 03:02:13.931, 0, NVIDIA GeForce RTX 4080 SUPER, 14616 MiB, 1430 MiB, 50 %, 173.66 W, 61
2026/07/27 03:02:13.933, 1, NVIDIA GeForce RTX 4080 SUPER, 14492 MiB, 1554 MiB, 44 %, 144.97 W, 58
2026/07/27 03:02:13.934, 2, NVIDIA GeForce RTX 5070 Ti, 0 MiB, 15995 MiB, 0 %, 13.99 W, 38
2026/07/27 03:02:15.020, 0, NVIDIA GeForce RTX 4080 SUPER, 14616 MiB, 1430 MiB, 50 %, 174.59 W, 61
2026/07/27 03:02:15.022, 1, NVIDIA GeForce RTX 4080 SUPER, 14492 MiB, 1554 MiB, 44 %, 145.70 W, 58
2026/07/27 03:02:15.023, 2, NVIDIA GeForce RTX 5070 Ti, 0 MiB, 15995 MiB, 0 %, 13.90 W, 38
2026/07/27 03:02:16.108, 0, NVIDIA GeForce RTX 4080 SUPER, 14616 MiB, 1430 MiB, 48 %, 173.68 W, 61
2026/07/27 03:02:16.110, 1, NVIDIA GeForce RTX 4080 SUPER, 14492 MiB, 1554 MiB, 45 %, 145.07 W, 58
2026/07/27 03:02:16.111, 2, NVIDIA GeForce RTX 5070 Ti, 0 MiB, 15995 MiB, 0 %, 13.84 W, 38
2026/07/27 03:02:17.197, 0, NVIDIA GeForce RTX 4080 SUPER, 14616 MiB, 1430 MiB, 49 %, 171.67 W, 61
2026/07/27 03:02:17.198, 1, NVIDIA GeForce RTX 4080 SUPER, 14492 MiB, 1554 MiB, 46 %, 144.03 W, 58
2026/07/27 03:02:17.200, 2, NVIDIA GeForce RTX 5070 Ti, 0 MiB, 15995 MiB, 0 %, 14.07 W, 38
2026/07/27 03:02:18.285, 0, NVIDIA GeForce RTX 4080 SUPER, 14616 MiB, 1430 MiB, 49 %, 172.49 W, 61
2026/07/27 03:02:18.286, 1, NVIDIA GeForce RTX 4080 SUPER, 14492 MiB, 1554 MiB, 45 %, 144.27 W, 58
2026/07/27 03:02:18.288, 2, NVIDIA GeForce RTX 5070 Ti, 0 MiB, 15995 MiB, 0 %, 14.07 W, 38
2026/07/27 03:02:19.373, 0, NVIDIA GeForce RTX 4080 SUPER, 14616 MiB, 1430 MiB, 50 %, 172.63 W, 61
2026/07/27 03:02:19.375, 1, NVIDIA GeForce RTX 4080 SUPER, 14492 MiB, 1554 MiB, 45 %, 144.36 W, 59
2026/07/27 03:02:19.376, 2, NVIDIA GeForce RTX 5070 Ti, 0 MiB, 15995 MiB, 0 %, 13.99 W, 38
2026/07/27 03:02:20.461, 0, NVIDIA GeForce RTX 4080 SUPER, 14616 MiB, 1430 MiB, 47 %, 168.90 W, 60
2026/07/27 03:02:20.463, 1, NVIDIA GeForce RTX 4080 SUPER, 14587 MiB, 1459 MiB, 46 %, 142.02 W, 58
2026/07/27 03:02:20.466, 2, NVIDIA GeForce RTX 5070 Ti, 0 MiB, 15995 MiB, 0 %, 14.01 W, 38
2026/07/27 03:02:21.551, 0, NVIDIA GeForce RTX 4080 SUPER, 14616 MiB, 1430 MiB, 49 %, 169.84 W, 61
2026/07/27 03:02:21.553, 1, NVIDIA GeForce RTX 4080 SUPER, 14587 MiB, 1459 MiB, 45 %, 142.43 W, 58
2026/07/27 03:02:21.554, 2, NVIDIA GeForce RTX 5070 Ti, 0 MiB, 15995 MiB, 0 %, 14.02 W, 38
2026/07/27 03:02:22.639, 0, NVIDIA GeForce RTX 4080 SUPER, 14616 MiB, 1430 MiB, 48 %, 171.35 W, 61
2026/07/27 03:02:22.641, 1, NVIDIA GeForce RTX 4080 SUPER, 14594 MiB, 1452 MiB, 46 %, 143.96 W, 58
2026/07/27 03:02:22.642, 2, NVIDIA GeForce RTX 5070 Ti, 0 MiB, 15995 MiB, 0 %, 13.97 W, 38
2026/07/27 03:02:23.727, 0, NVIDIA GeForce RTX 4080 SUPER, 14616 MiB, 1430 MiB, 43 %, 164.60 W, 61
2026/07/27 03:02:23.728, 1, NVIDIA GeForce RTX 4080 SUPER, 14491 MiB, 1555 MiB, 44 %, 139.35 W, 58
2026/07/27 03:02:23.730, 2, NVIDIA GeForce RTX 5070 Ti, 0 MiB, 15995 MiB, 0 %, 13.98 W, 38
2026/07/27 03:02:24.815, 0, NVIDIA GeForce RTX 4080 SUPER, 14616 MiB, 1430 MiB, 48 %, 172.69 W, 61
2026/07/27 03:02:24.817, 1, NVIDIA GeForce RTX 4080 SUPER, 14491 MiB, 1555 MiB, 45 %, 143.29 W, 58
2026/07/27 03:02:24.818, 2, NVIDIA GeForce RTX 5070 Ti, 0 MiB, 15995 MiB, 0 %, 13.76 W, 38
2026/07/27 03:02:25.903, 0, NVIDIA GeForce RTX 4080 SUPER, 14616 MiB, 1430 MiB, 49 %, 173.12 W, 61
2026/07/27 03:02:25.905, 1, NVIDIA GeForce RTX 4080 SUPER, 14491 MiB, 1555 MiB, 44 %, 144.56 W, 58
2026/07/27 03:02:25.906, 2, NVIDIA GeForce RTX 5070 Ti, 0 MiB, 15995 MiB, 0 %, 13.84 W, 38
2026/07/27 03:02:26.990, 0, NVIDIA GeForce RTX 4080 SUPER, 14616 MiB, 1430 MiB, 49 %, 172.94 W, 60
2026/07/27 03:02:26.991, 1, NVIDIA GeForce RTX 4080 SUPER, 14491 MiB, 1555 MiB, 45 %, 145.05 W, 58
2026/07/27 03:02:26.992, 2, NVIDIA GeForce RTX 5070 Ti, 0 MiB, 15995 MiB, 0 %, 13.90 W, 38
2026/07/27 03:02:28.077, 0, NVIDIA GeForce RTX 4080 SUPER, 14616 MiB, 1430 MiB, 36 %, 161.75 W, 57
2026/07/27 03:02:28.079, 1, NVIDIA GeForce RTX 4080 SUPER, 14491 MiB, 1555 MiB, 45 %, 135.63 W, 57
2026/07/27 03:02:28.080, 2, NVIDIA GeForce RTX 5070 Ti, 0 MiB, 15995 MiB, 0 %, 13.92 W, 38
2026/07/27 03:02:29.165, 0, NVIDIA GeForce RTX 4080 SUPER, 14616 MiB, 1430 MiB, 49 %, 171.64 W, 61
2026/07/27 03:02:29.166, 1, NVIDIA GeForce RTX 4080 SUPER, 14491 MiB, 1555 MiB, 45 %, 144.34 W, 58
2026/07/27 03:02:29.168, 2, NVIDIA GeForce RTX 5070 Ti, 0 MiB, 15995 MiB, 0 %, 13.98 W, 38
2026/07/27 03:02:30.253, 0, NVIDIA GeForce RTX 4080 SUPER, 14616 MiB, 1430 MiB, 48 %, 173.09 W, 61
2026/07/27 03:02:30.255, 1, NVIDIA GeForce RTX 4080 SUPER, 14491 MiB, 1555 MiB, 45 %, 144.80 W, 58
2026/07/27 03:02:30.257, 2, NVIDIA GeForce RTX 5070 Ti, 0 MiB, 15995 MiB, 0 %, 14.21 W, 38
2026/07/27 03:02:31.343, 0, NVIDIA GeForce RTX 4080 SUPER, 14616 MiB, 1430 MiB, 44 %, 170.74 W, 62
2026/07/27 03:02:31.344, 1, NVIDIA GeForce RTX 4080 SUPER, 14491 MiB, 1555 MiB, 40 %, 142.90 W, 58
2026/07/27 03:02:31.346, 2, NVIDIA GeForce RTX 5070 Ti, 0 MiB, 15995 MiB, 0 %, 14.06 W, 38
2026/07/27 03:02:32.431, 0, NVIDIA GeForce RTX 4080 SUPER, 14616 MiB, 1430 MiB, 48 %, 172.83 W, 62
2026/07/27 03:02:32.433, 1, NVIDIA GeForce RTX 4080 SUPER, 14491 MiB, 1555 MiB, 45 %, 144.60 W, 58
2026/07/27 03:02:32.434, 2, NVIDIA GeForce RTX 5070 Ti, 0 MiB, 15995 MiB, 0 %, 13.93 W, 38
2026/07/27 03:02:33.519, 0, NVIDIA GeForce RTX 4080 SUPER, 14616 MiB, 1430 MiB, 49 %, 172.55 W, 62
2026/07/27 03:02:33.520, 1, NVIDIA GeForce RTX 4080 SUPER, 14486 MiB, 1560 MiB, 44 %, 144.52 W, 58
2026/07/27 03:02:33.522, 2, NVIDIA GeForce RTX 5070 Ti, 0 MiB, 15995 MiB, 0 %, 13.91 W, 38
2026/07/27 03:02:34.607, 0, NVIDIA GeForce RTX 4080 SUPER, 14616 MiB, 1430 MiB, 48 %, 171.23 W, 61
2026/07/27 03:02:34.609, 1, NVIDIA GeForce RTX 4080 SUPER, 14568 MiB, 1478 MiB, 46 %, 143.57 W, 59
2026/07/27 03:02:34.611, 2, NVIDIA GeForce RTX 5070 Ti, 0 MiB, 15995 MiB, 0 %, 13.97 W, 38
2026/07/27 03:02:35.696, 0, NVIDIA GeForce RTX 4080 SUPER, 14616 MiB, 1430 MiB, 49 %, 168.88 W, 62
2026/07/27 03:02:35.697, 1, NVIDIA GeForce RTX 4080 SUPER, 14580 MiB, 1466 MiB, 45 %, 142.65 W, 59
2026/07/27 03:02:35.698, 2, NVIDIA GeForce RTX 5070 Ti, 0 MiB, 15995 MiB, 0 %, 13.98 W, 38
2026/07/27 03:02:36.783, 0, NVIDIA GeForce RTX 4080 SUPER, 14616 MiB, 1430 MiB, 48 %, 171.23 W, 61
2026/07/27 03:02:36.784, 1, NVIDIA GeForce RTX 4080 SUPER, 14580 MiB, 1466 MiB, 45 %, 143.26 W, 58
2026/07/27 03:02:36.785, 2, NVIDIA GeForce RTX 5070 Ti, 0 MiB, 15995 MiB, 0 %, 13.97 W, 38
2026/07/27 03:02:37.871, 0, NVIDIA GeForce RTX 4080 SUPER, 14616 MiB, 1430 MiB, 41 %, 165.88 W, 61
2026/07/27 03:02:37.872, 1, NVIDIA GeForce RTX 4080 SUPER, 14806 MiB, 1240 MiB, 47 %, 140.00 W, 58
2026/07/27 03:02:37.873, 2, NVIDIA GeForce RTX 5070 Ti, 0 MiB, 15995 MiB, 0 %, 14.07 W, 38
2026/07/27 03:02:38.958, 0, NVIDIA GeForce RTX 4080 SUPER, 14616 MiB, 1430 MiB, 49 %, 156.12 W, 61
2026/07/27 03:02:38.960, 1, NVIDIA GeForce RTX 4080 SUPER, 14486 MiB, 1560 MiB, 44 %, 131.90 W, 59
2026/07/27 03:02:38.962, 2, NVIDIA GeForce RTX 5070 Ti, 0 MiB, 15995 MiB, 0 %, 14.05 W, 38
2026/07/27 03:02:40.047, 0, NVIDIA GeForce RTX 4080 SUPER, 14616 MiB, 1430 MiB, 50 %, 172.56 W, 62
2026/07/27 03:02:40.048, 1, NVIDIA GeForce RTX 4080 SUPER, 14486 MiB, 1560 MiB, 45 %, 144.53 W, 58
2026/07/27 03:02:40.050, 2, NVIDIA GeForce RTX 5070 Ti, 0 MiB, 15995 MiB, 0 %, 13.82 W, 38
2026/07/27 03:02:41.134, 0, NVIDIA GeForce RTX 4080 SUPER, 14616 MiB, 1430 MiB, 48 %, 173.25 W, 62
2026/07/27 03:02:41.136, 1, NVIDIA GeForce RTX 4080 SUPER, 14486 MiB, 1560 MiB, 45 %, 145.07 W, 59
2026/07/27 03:02:41.137, 2, NVIDIA GeForce RTX 5070 Ti, 0 MiB, 15995 MiB, 0 %, 13.44 W, 38
2026/07/27 03:02:42.222, 0, NVIDIA GeForce RTX 4080 SUPER, 14616 MiB, 1430 MiB, 49 %, 172.65 W, 62
2026/07/27 03:02:42.223, 1, NVIDIA GeForce RTX 4080 SUPER, 14486 MiB, 1560 MiB, 45 %, 144.67 W, 59
2026/07/27 03:02:42.224, 2, NVIDIA GeForce RTX 5070 Ti, 0 MiB, 15995 MiB, 0 %, 13.64 W, 38
2026/07/27 03:02:43.310, 0, NVIDIA GeForce RTX 4080 SUPER, 14616 MiB, 1430 MiB, 49 %, 173.09 W, 62
2026/07/27 03:02:43.312, 1, NVIDIA GeForce RTX 4080 SUPER, 14486 MiB, 1560 MiB, 45 %, 144.69 W, 59
2026/07/27 03:02:43.315, 2, NVIDIA GeForce RTX 5070 Ti, 0 MiB, 15995 MiB, 0 %, 13.61 W, 38
2026/07/27 03:02:44.400, 0, NVIDIA GeForce RTX 4080 SUPER, 14616 MiB, 1430 MiB, 49 %, 172.37 W, 62
2026/07/27 03:02:44.402, 1, NVIDIA GeForce RTX 4080 SUPER, 14486 MiB, 1560 MiB, 45 %, 144.49 W, 59
2026/07/27 03:02:44.403, 2, NVIDIA GeForce RTX 5070 Ti, 0 MiB, 15995 MiB, 0 %, 13.69 W, 38
2026/07/27 03:02:43.010, 0, NVIDIA GeForce RTX 4080 SUPER, 14616 MiB, 1430 MiB, 48 %, 171.55 W, 62
2026/07/27 03:02:43.011, 1, NVIDIA GeForce RTX 4080 SUPER, 14485 MiB, 1561 MiB, 44 %, 144.46 W, 59
2026/07/27 03:02:43.012, 2, NVIDIA GeForce RTX 5070 Ti, 0 MiB, 15995 MiB, 0 %, 13.79 W, 38
2026/07/27 03:02:44.098, 0, NVIDIA GeForce RTX 4080 SUPER, 14616 MiB, 1430 MiB, 50 %, 174.14 W, 62
2026/07/27 03:02:44.099, 1, NVIDIA GeForce RTX 4080 SUPER, 14485 MiB, 1561 MiB, 44 %, 145.05 W, 59
2026/07/27 03:02:44.101, 2, NVIDIA GeForce RTX 5070 Ti, 0 MiB, 15995 MiB, 0 %, 13.70 W, 38
2026/07/27 03:02:45.186, 0, NVIDIA GeForce RTX 4080 SUPER, 14616 MiB, 1430 MiB, 52 %, 174.58 W, 62
2026/07/27 03:02:45.188, 1, NVIDIA GeForce RTX 4080 SUPER, 14485 MiB, 1561 MiB, 44 %, 145.50 W, 59
2026/07/27 03:02:45.189, 2, NVIDIA GeForce RTX 5070 Ti, 0 MiB, 15995 MiB, 0 %, 13.85 W, 38
2026/07/27 03:02:46.274, 0, NVIDIA GeForce RTX 4080 SUPER, 14618 MiB, 1428 MiB, 48 %, 153.69 W, 62
2026/07/27 03:02:46.276, 1, NVIDIA GeForce RTX 4080 SUPER, 14487 MiB, 1559 MiB, 45 %, 128.74 W, 59
2026/07/27 03:02:46.277, 2, NVIDIA GeForce RTX 5070 Ti, 0 MiB, 15995 MiB, 0 %, 13.88 W, 38
2026/07/27 03:02:47.362, 0, NVIDIA GeForce RTX 4080 SUPER, 14618 MiB, 1428 MiB, 47 %, 172.10 W, 62
2026/07/27 03:02:47.363, 1, NVIDIA GeForce RTX 4080 SUPER, 14487 MiB, 1559 MiB, 47 %, 143.68 W, 59
2026/07/27 03:02:47.365, 2, NVIDIA GeForce RTX 5070 Ti, 0 MiB, 15995 MiB, 0 %, 13.76 W, 38
2026/07/27 03:02:48.450, 0, NVIDIA GeForce RTX 4080 SUPER, 14618 MiB, 1428 MiB, 49 %, 172.21 W, 62
2026/07/27 03:02:48.451, 1, NVIDIA GeForce RTX 4080 SUPER, 14487 MiB, 1559 MiB, 45 %, 143.98 W, 59
2026/07/27 03:02:48.453, 2, NVIDIA GeForce RTX 5070 Ti, 0 MiB, 15995 MiB, 0 %, 13.65 W, 38
2026/07/27 03:02:49.537, 0, NVIDIA GeForce RTX 4080 SUPER, 14618 MiB, 1428 MiB, 49 %, 172.48 W, 62
2026/07/27 03:02:49.539, 1, NVIDIA GeForce RTX 4080 SUPER, 14487 MiB, 1559 MiB, 45 %, 144.29 W, 59
2026/07/27 03:02:49.541, 2, NVIDIA GeForce RTX 5070 Ti, 0 MiB, 15995 MiB, 0 %, 13.71 W, 38
2026/07/27 03:02:50.626, 0, NVIDIA GeForce RTX 4080 SUPER, 14618 MiB, 1428 MiB, 46 %, 168.92 W, 62
2026/07/27 03:02:50.627, 1, NVIDIA GeForce RTX 4080 SUPER, 14582 MiB, 1464 MiB, 46 %, 141.53 W, 58
2026/07/27 03:02:50.628, 2, NVIDIA GeForce RTX 5070 Ti, 0 MiB, 15995 MiB, 0 %, 13.72 W, 38
2026/07/27 03:02:51.714, 0, NVIDIA GeForce RTX 4080 SUPER, 14618 MiB, 1428 MiB, 50 %, 171.38 W, 62
2026/07/27 03:02:51.715, 1, NVIDIA GeForce RTX 4080 SUPER, 14582 MiB, 1464 MiB, 40 %, 140.23 W, 59
2026/07/27 03:02:51.716, 2, NVIDIA GeForce RTX 5070 Ti, 0 MiB, 15995 MiB, 0 %, 13.83 W, 38
2026/07/27 03:02:52.800, 0, NVIDIA GeForce RTX 4080 SUPER, 14618 MiB, 1428 MiB, 84 %, 177.07 W, 66
2026/07/27 03:02:52.801, 1, NVIDIA GeForce RTX 4080 SUPER, 14589 MiB, 1457 MiB, 80 %, 142.74 W, 62
2026/07/27 03:02:52.803, 2, NVIDIA GeForce RTX 5070 Ti, 0 MiB, 15995 MiB, 0 %, 13.77 W, 38
2026/07/27 03:02:53.887, 0, NVIDIA GeForce RTX 4080 SUPER, 14618 MiB, 1428 MiB, 88 %, 221.57 W, 66
2026/07/27 03:02:53.889, 1, NVIDIA GeForce RTX 4080 SUPER, 14808 MiB, 1238 MiB, 86 %, 176.44 W, 60
2026/07/27 03:02:53.890, 2, NVIDIA GeForce RTX 5070 Ti, 0 MiB, 15995 MiB, 0 %, 13.76 W, 38
2026/07/27 03:02:54.975, 0, NVIDIA GeForce RTX 4080 SUPER, 14622 MiB, 1424 MiB, 88 %, 223.45 W, 67
2026/07/27 03:02:54.976, 1, NVIDIA GeForce RTX 4080 SUPER, 14491 MiB, 1555 MiB, 85 %, 177.88 W, 61
2026/07/27 03:02:54.978, 2, NVIDIA GeForce RTX 5070 Ti, 0 MiB, 15995 MiB, 0 %, 13.78 W, 38
2026/07/27 03:02:56.063, 0, NVIDIA GeForce RTX 4080 SUPER, 14624 MiB, 1422 MiB, 80 %, 229.57 W, 66
2026/07/27 03:02:56.068, 1, NVIDIA GeForce RTX 4080 SUPER, 14493 MiB, 1553 MiB, 67 %, 180.33 W, 63
2026/07/27 03:02:56.070, 2, NVIDIA GeForce RTX 5070 Ti, 0 MiB, 15995 MiB, 0 %, 13.99 W, 38
2026/07/27 03:02:57.155, 0, NVIDIA GeForce RTX 4080 SUPER, 14624 MiB, 1422 MiB, 50 %, 169.43 W, 62
2026/07/27 03:02:57.157, 1, NVIDIA GeForce RTX 4080 SUPER, 14493 MiB, 1553 MiB, 45 %, 137.53 W, 59
2026/07/27 03:02:57.158, 2, NVIDIA GeForce RTX 5070 Ti, 0 MiB, 15995 MiB, 0 %, 13.84 W, 38
2026/07/27 03:02:58.243, 0, NVIDIA GeForce RTX 4080 SUPER, 14624 MiB, 1422 MiB, 49 %, 174.51 W, 63
2026/07/27 03:02:58.244, 1, NVIDIA GeForce RTX 4080 SUPER, 14493 MiB, 1553 MiB, 46 %, 145.44 W, 59
2026/07/27 03:02:58.246, 2, NVIDIA GeForce RTX 5070 Ti, 0 MiB, 15995 MiB, 0 %, 13.97 W, 38
2026/07/27 03:02:59.331, 0, NVIDIA GeForce RTX 4080 SUPER, 14624 MiB, 1422 MiB, 50 %, 174.70 W, 63
2026/07/27 03:02:59.332, 1, NVIDIA GeForce RTX 4080 SUPER, 14493 MiB, 1553 MiB, 45 %, 145.76 W, 59
2026/07/27 03:02:59.334, 2, NVIDIA GeForce RTX 5070 Ti, 0 MiB, 15995 MiB, 0 %, 13.94 W, 38
2026/07/27 03:03:00.419, 0, NVIDIA GeForce RTX 4080 SUPER, 14624 MiB, 1422 MiB, 54 %, 179.03 W, 62
2026/07/27 03:03:00.421, 1, NVIDIA GeForce RTX 4080 SUPER, 14493 MiB, 1553 MiB, 54 %, 151.68 W, 59
2026/07/27 03:03:00.422, 2, NVIDIA GeForce RTX 5070 Ti, 0 MiB, 15995 MiB, 0 %, 14.00 W, 38
2026/07/27 03:03:01.507, 0, NVIDIA GeForce RTX 4080 SUPER, 14624 MiB, 1422 MiB, 59 %, 184.85 W, 63
2026/07/27 03:03:01.508, 1, NVIDIA GeForce RTX 4080 SUPER, 14493 MiB, 1553 MiB, 56 %, 159.83 W, 59
2026/07/27 03:03:01.509, 2, NVIDIA GeForce RTX 5070 Ti, 0 MiB, 15995 MiB, 0 %, 14.09 W, 38
2026/07/27 03:03:02.594, 0, NVIDIA GeForce RTX 4080 SUPER, 14624 MiB, 1422 MiB, 50 %, 147.32 W, 63
2026/07/27 03:03:02.596, 1, NVIDIA GeForce RTX 4080 SUPER, 14493 MiB, 1553 MiB, 45 %, 123.92 W, 59
2026/07/27 03:03:02.597, 2, NVIDIA GeForce RTX 5070 Ti, 0 MiB, 15995 MiB, 0 %, 14.03 W, 38
2026/07/27 03:03:03.682, 0, NVIDIA GeForce RTX 4080 SUPER, 14624 MiB, 1422 MiB, 49 %, 175.26 W, 63
2026/07/27 03:03:03.683, 1, NVIDIA GeForce RTX 4080 SUPER, 14486 MiB, 1560 MiB, 46 %, 146.35 W, 59
2026/07/27 03:03:03.685, 2, NVIDIA GeForce RTX 5070 Ti, 0 MiB, 15995 MiB, 0 %, 13.99 W, 38
2026/07/27 03:03:04.770, 0, NVIDIA GeForce RTX 4080 SUPER, 14624 MiB, 1422 MiB, 49 %, 175.75 W, 63
2026/07/27 03:03:04.772, 1, NVIDIA GeForce RTX 4080 SUPER, 14486 MiB, 1560 MiB, 45 %, 146.12 W, 59
2026/07/27 03:03:04.774, 2, NVIDIA GeForce RTX 5070 Ti, 0 MiB, 15995 MiB, 0 %, 13.95 W, 38
2026/07/27 03:03:05.859, 0, NVIDIA GeForce RTX 4080 SUPER, 14624 MiB, 1422 MiB, 55 %, 176.01 W, 63
2026/07/27 03:03:05.860, 1, NVIDIA GeForce RTX 4080 SUPER, 14484 MiB, 1562 MiB, 54 %, 148.20 W, 59
2026/07/27 03:03:05.861, 2, NVIDIA GeForce RTX 5070 Ti, 0 MiB, 15995 MiB, 0 %, 14.00 W, 38
2026/07/27 03:03:06.945, 0, NVIDIA GeForce RTX 4080 SUPER, 14624 MiB, 1422 MiB, 59 %, 178.57 W, 64
2026/07/27 03:03:06.956, 1, NVIDIA GeForce RTX 4080 SUPER, 14484 MiB, 1562 MiB, 54 %, 150.67 W, 59
2026/07/27 03:03:06.957, 2, NVIDIA GeForce RTX 5070 Ti, 0 MiB, 15995 MiB, 0 %, 14.00 W, 38
2026/07/27 03:03:08.042, 0, NVIDIA GeForce RTX 4080 SUPER, 14624 MiB, 1422 MiB, 49 %, 151.04 W, 66
2026/07/27 03:03:08.043, 1, NVIDIA GeForce RTX 4080 SUPER, 14484 MiB, 1562 MiB, 46 %, 125.27 W, 62
2026/07/27 03:03:08.045, 2, NVIDIA GeForce RTX 5070 Ti, 0 MiB, 15995 MiB, 0 %, 14.03 W, 38
2026/07/27 03:03:09.129, 0, NVIDIA GeForce RTX 4080 SUPER, 14624 MiB, 1422 MiB, 50 %, 173.84 W, 62
2026/07/27 03:03:09.131, 1, NVIDIA GeForce RTX 4080 SUPER, 14484 MiB, 1562 MiB, 45 %, 145.57 W, 59
2026/07/27 03:03:09.132, 2, NVIDIA GeForce RTX 5070 Ti, 0 MiB, 15995 MiB, 0 %, 13.97 W, 38
2026/07/27 03:03:10.218, 0, NVIDIA GeForce RTX 4080 SUPER, 14624 MiB, 1422 MiB, 48 %, 174.70 W, 63
2026/07/27 03:03:10.219, 1, NVIDIA GeForce RTX 4080 SUPER, 14484 MiB, 1562 MiB, 45 %, 145.92 W, 60
2026/07/27 03:03:10.221, 2, NVIDIA GeForce RTX 5070 Ti, 0 MiB, 15995 MiB, 0 %, 13.97 W, 38
2026/07/27 03:03:11.305, 0, NVIDIA GeForce RTX 4080 SUPER, 14624 MiB, 1422 MiB, 50 %, 175.84 W, 63
2026/07/27 03:03:11.307, 1, NVIDIA GeForce RTX 4080 SUPER, 14484 MiB, 1562 MiB, 45 %, 146.21 W, 59
2026/07/27 03:03:11.308, 2, NVIDIA GeForce RTX 5070 Ti, 0 MiB, 15995 MiB, 0 %, 13.99 W, 38
2026/07/27 03:03:12.393, 0, NVIDIA GeForce RTX 4080 SUPER, 14624 MiB, 1422 MiB, 50 %, 175.32 W, 64
2026/07/27 03:03:12.394, 1, NVIDIA GeForce RTX 4080 SUPER, 14484 MiB, 1562 MiB, 45 %, 145.67 W, 59
2026/07/27 03:03:12.396, 2, NVIDIA GeForce RTX 5070 Ti, 0 MiB, 15995 MiB, 0 %, 13.80 W, 38
2026/07/27 03:03:13.480, 0, NVIDIA GeForce RTX 4080 SUPER, 14624 MiB, 1422 MiB, 49 %, 174.25 W, 64
2026/07/27 03:03:13.482, 1, NVIDIA GeForce RTX 4080 SUPER, 14484 MiB, 1562 MiB, 44 %, 145.26 W, 59
2026/07/27 03:03:13.483, 2, NVIDIA GeForce RTX 5070 Ti, 0 MiB, 15995 MiB, 0 %, 13.52 W, 38
2026/07/27 03:03:14.567, 0, NVIDIA GeForce RTX 4080 SUPER, 14624 MiB, 1422 MiB, 50 %, 175.18 W, 63
2026/07/27 03:03:14.569, 1, NVIDIA GeForce RTX 4080 SUPER, 14484 MiB, 1562 MiB, 45 %, 145.93 W, 59
2026/07/27 03:03:14.570, 2, NVIDIA GeForce RTX 5070 Ti, 0 MiB, 15995 MiB, 0 %, 13.49 W, 38
2026/07/27 03:03:13.178, 0, NVIDIA GeForce RTX 4080 SUPER, 14624 MiB, 1422 MiB, 7 %, 140.36 W, 62
2026/07/27 03:03:13.179, 1, NVIDIA GeForce RTX 4080 SUPER, 14484 MiB, 1562 MiB, 18 %, 115.77 W, 56
2026/07/27 03:03:13.181, 2, NVIDIA GeForce RTX 5070 Ti, 0 MiB, 15995 MiB, 0 %, 13.45 W, 38
2026/07/27 03:03:14.265, 0, NVIDIA GeForce RTX 4080 SUPER, 14624 MiB, 1422 MiB, 51 %, 176.22 W, 64
2026/07/27 03:03:14.268, 1, NVIDIA GeForce RTX 4080 SUPER, 14484 MiB, 1562 MiB, 45 %, 146.32 W, 59
2026/07/27 03:03:14.270, 2, NVIDIA GeForce RTX 5070 Ti, 0 MiB, 15995 MiB, 0 %, 13.43 W, 38
2026/07/27 03:03:15.356, 0, NVIDIA GeForce RTX 4080 SUPER, 14624 MiB, 1422 MiB, 51 %, 177.46 W, 64
2026/07/27 03:03:15.357, 1, NVIDIA GeForce RTX 4080 SUPER, 14484 MiB, 1562 MiB, 45 %, 147.21 W, 59
2026/07/27 03:03:15.358, 2, NVIDIA GeForce RTX 5070 Ti, 0 MiB, 15995 MiB, 0 %, 13.62 W, 38
2026/07/27 03:03:16.444, 0, NVIDIA GeForce RTX 4080 SUPER, 14624 MiB, 1422 MiB, 54 %, 176.44 W, 64
2026/07/27 03:03:16.445, 1, NVIDIA GeForce RTX 4080 SUPER, 14484 MiB, 1562 MiB, 52 %, 146.38 W, 61
2026/07/27 03:03:16.446, 2, NVIDIA GeForce RTX 5070 Ti, 0 MiB, 15995 MiB, 0 %, 13.67 W, 38
2026/07/27 03:03:17.531, 0, NVIDIA GeForce RTX 4080 SUPER, 14624 MiB, 1422 MiB, 61 %, 177.81 W, 64
2026/07/27 03:03:17.532, 1, NVIDIA GeForce RTX 4080 SUPER, 14484 MiB, 1562 MiB, 56 %, 144.96 W, 60
2026/07/27 03:03:17.533, 2, NVIDIA GeForce RTX 5070 Ti, 0 MiB, 15995 MiB, 0 %, 13.55 W, 38
2026/07/27 03:03:18.618, 0, NVIDIA GeForce RTX 4080 SUPER, 14624 MiB, 1422 MiB, 50 %, 131.91 W, 62
2026/07/27 03:03:18.620, 1, NVIDIA GeForce RTX 4080 SUPER, 14484 MiB, 1562 MiB, 45 %, 108.17 W, 59
2026/07/27 03:03:18.622, 2, NVIDIA GeForce RTX 5070 Ti, 0 MiB, 15995 MiB, 0 %, 13.51 W, 38
2026/07/27 03:03:19.707, 0, NVIDIA GeForce RTX 4080 SUPER, 14624 MiB, 1422 MiB, 48 %, 174.95 W, 64
2026/07/27 03:03:19.708, 1, NVIDIA GeForce RTX 4080 SUPER, 14484 MiB, 1562 MiB, 46 %, 145.38 W, 60
2026/07/27 03:03:19.710, 2, NVIDIA GeForce RTX 5070 Ti, 0 MiB, 15995 MiB, 0 %, 13.60 W, 38
2026/07/27 03:03:20.795, 0, NVIDIA GeForce RTX 4080 SUPER, 14624 MiB, 1422 MiB, 50 %, 175.45 W, 64
2026/07/27 03:03:20.796, 1, NVIDIA GeForce RTX 4080 SUPER, 14484 MiB, 1562 MiB, 45 %, 145.39 W, 59
2026/07/27 03:03:20.798, 2, NVIDIA GeForce RTX 5070 Ti, 0 MiB, 15995 MiB, 0 %, 13.65 W, 38
2026/07/27 03:03:21.883, 0, NVIDIA GeForce RTX 4080 SUPER, 14624 MiB, 1422 MiB, 50 %, 175.32 W, 64
2026/07/27 03:03:21.884, 1, NVIDIA GeForce RTX 4080 SUPER, 14484 MiB, 1562 MiB, 45 %, 145.06 W, 59
2026/07/27 03:03:21.886, 2, NVIDIA GeForce RTX 5070 Ti, 0 MiB, 15995 MiB, 0 %, 13.77 W, 38
2026/07/27 03:03:22.970, 0, NVIDIA GeForce RTX 4080 SUPER, 14626 MiB, 1420 MiB, 76 %, 134.64 W, 59
2026/07/27 03:03:22.972, 1, NVIDIA GeForce RTX 4080 SUPER, 14486 MiB, 1560 MiB, 16 %, 107.83 W, 56
2026/07/27 03:03:22.973, 2, NVIDIA GeForce RTX 5070 Ti, 0 MiB, 15995 MiB, 0 %, 13.82 W, 38
2026/07/27 03:03:24.058, 0, NVIDIA GeForce RTX 4080 SUPER, 14626 MiB, 1420 MiB, 49 %, 207.48 W, 66
2026/07/27 03:03:24.060, 1, NVIDIA GeForce RTX 4080 SUPER, 14486 MiB, 1560 MiB, 45 %, 167.12 W, 61
2026/07/27 03:03:24.061, 2, NVIDIA GeForce RTX 5070 Ti, 0 MiB, 15995 MiB, 0 %, 13.75 W, 38
2026/07/27 03:03:25.147, 0, NVIDIA GeForce RTX 4080 SUPER, 14626 MiB, 1420 MiB, 50 %, 175.56 W, 64
2026/07/27 03:03:25.149, 1, NVIDIA GeForce RTX 4080 SUPER, 14486 MiB, 1560 MiB, 44 %, 146.06 W, 59
2026/07/27 03:03:25.151, 2, NVIDIA GeForce RTX 5070 Ti, 0 MiB, 15995 MiB, 0 %, 13.91 W, 38
2026/07/27 03:03:26.236, 0, NVIDIA GeForce RTX 4080 SUPER, 14626 MiB, 1420 MiB, 50 %, 175.22 W, 64
2026/07/27 03:03:26.237, 1, NVIDIA GeForce RTX 4080 SUPER, 14486 MiB, 1560 MiB, 45 %, 145.83 W, 59
2026/07/27 03:03:26.238, 2, NVIDIA GeForce RTX 5070 Ti, 0 MiB, 15995 MiB, 0 %, 14.01 W, 38
2026/07/27 03:03:27.323, 0, NVIDIA GeForce RTX 4080 SUPER, 14626 MiB, 1420 MiB, 49 %, 161.03 W, 64
2026/07/27 03:03:27.325, 1, NVIDIA GeForce RTX 4080 SUPER, 14486 MiB, 1560 MiB, 45 %, 134.29 W, 60
2026/07/27 03:03:27.326, 2, NVIDIA GeForce RTX 5070 Ti, 0 MiB, 15995 MiB, 0 %, 14.08 W, 38
2026/07/27 03:03:28.411, 0, NVIDIA GeForce RTX 4080 SUPER, 14626 MiB, 1420 MiB, 49 %, 170.92 W, 64
2026/07/27 03:03:28.413, 1, NVIDIA GeForce RTX 4080 SUPER, 14486 MiB, 1560 MiB, 45 %, 142.45 W, 59
2026/07/27 03:03:28.414, 2, NVIDIA GeForce RTX 5070 Ti, 0 MiB, 15995 MiB, 0 %, 13.77 W, 38
2026/07/27 03:03:29.499, 0, NVIDIA GeForce RTX 4080 SUPER, 14626 MiB, 1420 MiB, 50 %, 175.83 W, 64
2026/07/27 03:03:29.501, 1, NVIDIA GeForce RTX 4080 SUPER, 14486 MiB, 1560 MiB, 45 %, 145.94 W, 59
2026/07/27 03:03:29.503, 2, NVIDIA GeForce RTX 5070 Ti, 0 MiB, 15995 MiB, 0 %, 13.80 W, 38
2026/07/27 03:03:30.588, 0, NVIDIA GeForce RTX 4080 SUPER, 14626 MiB, 1420 MiB, 49 %, 175.66 W, 64
2026/07/27 03:03:30.590, 1, NVIDIA GeForce RTX 4080 SUPER, 14486 MiB, 1560 MiB, 45 %, 146.00 W, 59
2026/07/27 03:03:30.591, 2, NVIDIA GeForce RTX 5070 Ti, 0 MiB, 15995 MiB, 0 %, 13.84 W, 38
2026/07/27 03:03:31.677, 0, NVIDIA GeForce RTX 4080 SUPER, 14626 MiB, 1420 MiB, 61 %, 185.42 W, 65
2026/07/27 03:03:31.678, 1, NVIDIA GeForce RTX 4080 SUPER, 14486 MiB, 1560 MiB, 54 %, 156.14 W, 60
2026/07/27 03:03:31.680, 2, NVIDIA GeForce RTX 5070 Ti, 0 MiB, 15995 MiB, 0 %, 13.92 W, 38
2026/07/27 03:03:32.764, 0, NVIDIA GeForce RTX 4080 SUPER, 14626 MiB, 1420 MiB, 60 %, 155.21 W, 65
2026/07/27 03:03:32.770, 1, NVIDIA GeForce RTX 4080 SUPER, 14486 MiB, 1560 MiB, 53 %, 130.03 W, 60
2026/07/27 03:03:32.771, 2, NVIDIA GeForce RTX 5070 Ti, 0 MiB, 15995 MiB, 0 %, 14.01 W, 38
2026/07/27 03:03:33.856, 0, NVIDIA GeForce RTX 4080 SUPER, 14626 MiB, 1420 MiB, 59 %, 188.62 W, 64
2026/07/27 03:03:33.859, 1, NVIDIA GeForce RTX 4080 SUPER, 14473 MiB, 1573 MiB, 53 %, 158.71 W, 60
2026/07/27 03:03:33.868, 2, NVIDIA GeForce RTX 5070 Ti, 0 MiB, 15995 MiB, 0 %, 14.08 W, 38
2026/07/27 03:03:34.961, 0, NVIDIA GeForce RTX 4080 SUPER, 14626 MiB, 1420 MiB, 60 %, 190.11 W, 64
2026/07/27 03:03:34.962, 1, NVIDIA GeForce RTX 4080 SUPER, 14473 MiB, 1573 MiB, 53 %, 160.04 W, 60
2026/07/27 03:03:34.963, 2, NVIDIA GeForce RTX 5070 Ti, 0 MiB, 15995 MiB, 0 %, 13.92 W, 38
2026/07/27 03:03:36.048, 0, NVIDIA GeForce RTX 4080 SUPER, 14626 MiB, 1420 MiB, 0 %, 165.10 W, 59
2026/07/27 03:03:36.049, 1, NVIDIA GeForce RTX 4080 SUPER, 14468 MiB, 1578 MiB, 1 %, 134.15 W, 56
2026/07/27 03:03:36.050, 2, NVIDIA GeForce RTX 5070 Ti, 0 MiB, 15995 MiB, 0 %, 13.95 W, 38
2026/07/27 03:03:37.135, 0, NVIDIA GeForce RTX 4080 SUPER, 14626 MiB, 1420 MiB, 84 %, 162.34 W, 68
2026/07/27 03:03:37.136, 1, NVIDIA GeForce RTX 4080 SUPER, 14468 MiB, 1578 MiB, 79 %, 130.46 W, 62
2026/07/27 03:03:37.138, 2, NVIDIA GeForce RTX 5070 Ti, 0 MiB, 15995 MiB, 0 %, 13.91 W, 38
2026/07/27 03:03:38.224, 0, NVIDIA GeForce RTX 4080 SUPER, 14626 MiB, 1420 MiB, 84 %, 223.74 W, 69
2026/07/27 03:03:38.225, 1, NVIDIA GeForce RTX 4080 SUPER, 14468 MiB, 1578 MiB, 78 %, 172.27 W, 60
2026/07/27 03:03:38.226, 2, NVIDIA GeForce RTX 5070 Ti, 0 MiB, 15995 MiB, 0 %, 13.81 W, 38
2026/07/27 03:03:39.311, 0, NVIDIA GeForce RTX 4080 SUPER, 14626 MiB, 1420 MiB, 89 %, 211.12 W, 69
2026/07/27 03:03:39.312, 1, NVIDIA GeForce RTX 4080 SUPER, 14468 MiB, 1578 MiB, 83 %, 163.35 W, 63
2026/07/27 03:03:39.313, 2, NVIDIA GeForce RTX 5070 Ti, 0 MiB, 15995 MiB, 0 %, 13.86 W, 38
2026/07/27 03:03:40.398, 0, NVIDIA GeForce RTX 4080 SUPER, 14628 MiB, 1418 MiB, 83 %, 228.55 W, 68
2026/07/27 03:03:40.399, 1, NVIDIA GeForce RTX 4080 SUPER, 14470 MiB, 1576 MiB, 84 %, 178.25 W, 63
2026/07/27 03:03:40.401, 2, NVIDIA GeForce RTX 5070 Ti, 0 MiB, 15995 MiB, 0 %, 13.77 W, 38
2026/07/27 03:03:41.486, 0, NVIDIA GeForce RTX 4080 SUPER, 14628 MiB, 1418 MiB, 61 %, 217.60 W, 65
2026/07/27 03:03:41.487, 1, NVIDIA GeForce RTX 4080 SUPER, 14470 MiB, 1576 MiB, 55 %, 177.45 W, 60
2026/07/27 03:03:41.489, 2, NVIDIA GeForce RTX 5070 Ti, 0 MiB, 15995 MiB, 0 %, 13.78 W, 38
2026/07/27 03:03:42.575, 0, NVIDIA GeForce RTX 4080 SUPER, 14628 MiB, 1418 MiB, 61 %, 192.01 W, 65
2026/07/27 03:03:42.576, 1, NVIDIA GeForce RTX 4080 SUPER, 14470 MiB, 1576 MiB, 54 %, 161.37 W, 60
2026/07/27 03:03:42.578, 2, NVIDIA GeForce RTX 5070 Ti, 0 MiB, 15995 MiB, 0 %, 13.87 W, 38
2026/07/27 03:03:43.663, 0, NVIDIA GeForce RTX 4080 SUPER, 14628 MiB, 1418 MiB, 61 %, 192.42 W, 65
2026/07/27 03:03:43.676, 1, NVIDIA GeForce RTX 4080 SUPER, 14470 MiB, 1576 MiB, 54 %, 161.34 W, 60
2026/07/27 03:03:43.680, 2, NVIDIA GeForce RTX 5070 Ti, 0 MiB, 15995 MiB, 0 %, 13.72 W, 38
2026/07/27 03:03:44.766, 0, NVIDIA GeForce RTX 4080 SUPER, 14630 MiB, 1416 MiB, 90 %, 168.61 W, 70
2026/07/27 03:03:44.769, 1, NVIDIA GeForce RTX 4080 SUPER, 14472 MiB, 1574 MiB, 84 %, 132.46 W, 63
2026/07/27 03:03:44.770, 2, NVIDIA GeForce RTX 5070 Ti, 0 MiB, 15995 MiB, 0 %, 13.70 W, 38
2026/07/27 03:03:43.378, 0, NVIDIA GeForce RTX 4080 SUPER, 14632 MiB, 1414 MiB, 42 %, 205.79 W, 64
2026/07/27 03:03:43.380, 1, NVIDIA GeForce RTX 4080 SUPER, 14474 MiB, 1572 MiB, 49 %, 166.59 W, 60
2026/07/27 03:03:43.381, 2, NVIDIA GeForce RTX 5070 Ti, 0 MiB, 15995 MiB, 0 %, 13.75 W, 38
2026/07/27 03:03:44.466, 0, NVIDIA GeForce RTX 4080 SUPER, 14632 MiB, 1414 MiB, 61 %, 193.15 W, 65
2026/07/27 03:03:44.468, 1, NVIDIA GeForce RTX 4080 SUPER, 14474 MiB, 1572 MiB, 54 %, 162.38 W, 60
2026/07/27 03:03:44.469, 2, NVIDIA GeForce RTX 5070 Ti, 0 MiB, 15995 MiB, 0 %, 13.80 W, 38
2026/07/27 03:03:45.554, 0, NVIDIA GeForce RTX 4080 SUPER, 14632 MiB, 1414 MiB, 61 %, 193.38 W, 66
2026/07/27 03:03:45.567, 1, NVIDIA GeForce RTX 4080 SUPER, 14474 MiB, 1572 MiB, 54 %, 162.61 W, 60
2026/07/27 03:03:45.570, 2, NVIDIA GeForce RTX 5070 Ti, 0 MiB, 15995 MiB, 0 %, 13.85 W, 38
2026/07/27 03:03:46.655, 0, NVIDIA GeForce RTX 4080 SUPER, 14632 MiB, 1414 MiB, 61 %, 192.26 W, 65
2026/07/27 03:03:46.658, 1, NVIDIA GeForce RTX 4080 SUPER, 14474 MiB, 1572 MiB, 54 %, 161.26 W, 60
2026/07/27 03:03:46.660, 2, NVIDIA GeForce RTX 5070 Ti, 0 MiB, 15995 MiB, 0 %, 13.93 W, 38
2026/07/27 03:03:47.744, 0, NVIDIA GeForce RTX 4080 SUPER, 14632 MiB, 1414 MiB, 60 %, 192.58 W, 65
2026/07/27 03:03:47.746, 1, NVIDIA GeForce RTX 4080 SUPER, 14474 MiB, 1572 MiB, 54 %, 161.63 W, 60
2026/07/27 03:03:47.747, 2, NVIDIA GeForce RTX 5070 Ti, 0 MiB, 15995 MiB, 0 %, 13.94 W, 38
2026/07/27 03:03:48.832, 0, NVIDIA GeForce RTX 4080 SUPER, 14632 MiB, 1414 MiB, 29 %, 169.52 W, 62
2026/07/27 03:03:48.840, 1, NVIDIA GeForce RTX 4080 SUPER, 14474 MiB, 1572 MiB, 13 %, 140.13 W, 57
2026/07/27 03:03:48.841, 2, NVIDIA GeForce RTX 5070 Ti, 0 MiB, 15995 MiB, 0 %, 13.94 W, 38
2026/07/27 03:03:49.927, 0, NVIDIA GeForce RTX 4080 SUPER, 14632 MiB, 1414 MiB, 61 %, 178.72 W, 65
2026/07/27 03:03:49.928, 1, NVIDIA GeForce RTX 4080 SUPER, 14474 MiB, 1572 MiB, 55 %, 154.96 W, 60
2026/07/27 03:03:49.930, 2, NVIDIA GeForce RTX 5070 Ti, 0 MiB, 15995 MiB, 0 %, 13.95 W, 38
2026/07/27 03:03:51.015, 0, NVIDIA GeForce RTX 4080 SUPER, 14632 MiB, 1414 MiB, 61 %, 191.70 W, 65
2026/07/27 03:03:51.016, 1, NVIDIA GeForce RTX 4080 SUPER, 14474 MiB, 1572 MiB, 54 %, 161.72 W, 60
2026/07/27 03:03:51.017, 2, NVIDIA GeForce RTX 5070 Ti, 0 MiB, 15995 MiB, 0 %, 13.84 W, 38
2026/07/27 03:03:52.103, 0, NVIDIA GeForce RTX 4080 SUPER, 14632 MiB, 1414 MiB, 61 %, 192.48 W, 65
2026/07/27 03:03:52.104, 1, NVIDIA GeForce RTX 4080 SUPER, 14474 MiB, 1572 MiB, 55 %, 162.09 W, 60
2026/07/27 03:03:52.105, 2, NVIDIA GeForce RTX 5070 Ti, 0 MiB, 15995 MiB, 0 %, 13.94 W, 38
2026/07/27 03:03:53.190, 0, NVIDIA GeForce RTX 4080 SUPER, 14632 MiB, 1414 MiB, 61 %, 192.65 W, 65
2026/07/27 03:03:53.191, 1, NVIDIA GeForce RTX 4080 SUPER, 14474 MiB, 1572 MiB, 55 %, 161.88 W, 60
2026/07/27 03:03:53.192, 2, NVIDIA GeForce RTX 5070 Ti, 0 MiB, 15995 MiB, 0 %, 13.89 W, 38
2026/07/27 03:03:54.277, 0, NVIDIA GeForce RTX 4080 SUPER, 14632 MiB, 1414 MiB, 61 %, 193.06 W, 65
2026/07/27 03:03:54.278, 1, NVIDIA GeForce RTX 4080 SUPER, 14464 MiB, 1582 MiB, 54 %, 161.97 W, 60
2026/07/27 03:03:54.279, 2, NVIDIA GeForce RTX 5070 Ti, 0 MiB, 15995 MiB, 0 %, 13.82 W, 38
2026/07/27 03:03:55.364, 0, NVIDIA GeForce RTX 4080 SUPER, 14632 MiB, 1414 MiB, 60 %, 192.71 W, 65
2026/07/27 03:03:55.366, 1, NVIDIA GeForce RTX 4080 SUPER, 14464 MiB, 1582 MiB, 54 %, 161.98 W, 60
2026/07/27 03:03:55.367, 2, NVIDIA GeForce RTX 5070 Ti, 0 MiB, 15995 MiB, 0 %, 13.77 W, 38
2026/07/27 03:03:56.452, 0, NVIDIA GeForce RTX 4080 SUPER, 14632 MiB, 1414 MiB, 0 %, 85.97 W, 59
2026/07/27 03:03:56.453, 1, NVIDIA GeForce RTX 4080 SUPER, 14464 MiB, 1582 MiB, 0 %, 74.01 W, 56
2026/07/27 03:03:56.455, 2, NVIDIA GeForce RTX 5070 Ti, 0 MiB, 15995 MiB, 0 %, 14.01 W, 38
2026/07/27 03:03:57.539, 0, NVIDIA GeForce RTX 4080 SUPER, 14632 MiB, 1414 MiB, 0 %, 74.36 W, 59
2026/07/27 03:03:57.541, 1, NVIDIA GeForce RTX 4080 SUPER, 14464 MiB, 1582 MiB, 0 %, 44.39 W, 56
2026/07/27 03:03:57.542, 2, NVIDIA GeForce RTX 5070 Ti, 0 MiB, 15995 MiB, 0 %, 13.82 W, 38
2026/07/27 03:03:58.627, 0, NVIDIA GeForce RTX 4080 SUPER, 14632 MiB, 1414 MiB, 0 %, 54.38 W, 58
2026/07/27 03:03:58.629, 1, NVIDIA GeForce RTX 4080 SUPER, 14464 MiB, 1582 MiB, 0 %, 17.03 W, 54
2026/07/27 03:03:58.630, 2, NVIDIA GeForce RTX 5070 Ti, 0 MiB, 15995 MiB, 0 %, 13.94 W, 38
2026/07/27 03:03:59.715, 0, NVIDIA GeForce RTX 4080 SUPER, 14632 MiB, 1414 MiB, 0 %, 42.43 W, 57
2026/07/27 03:03:59.716, 1, NVIDIA GeForce RTX 4080 SUPER, 14559 MiB, 1487 MiB, 2 %, 27.82 W, 55
2026/07/27 03:03:59.717, 2, NVIDIA GeForce RTX 5070 Ti, 0 MiB, 15995 MiB, 0 %, 13.85 W, 38
2026/07/27 03:04:00.802, 0, NVIDIA GeForce RTX 4080 SUPER, 14632 MiB, 1414 MiB, 0 %, 30.77 W, 57
2026/07/27 03:04:00.803, 1, NVIDIA GeForce RTX 4080 SUPER, 14559 MiB, 1487 MiB, 1 %, 38.93 W, 55
2026/07/27 03:04:00.804, 2, NVIDIA GeForce RTX 5070 Ti, 0 MiB, 15995 MiB, 0 %, 13.80 W, 38
2026/07/27 03:04:01.889, 0, NVIDIA GeForce RTX 4080 SUPER, 14632 MiB, 1414 MiB, 0 %, 29.99 W, 57
2026/07/27 03:04:01.890, 1, NVIDIA GeForce RTX 4080 SUPER, 14567 MiB, 1479 MiB, 1 %, 35.65 W, 55
2026/07/27 03:04:01.891, 2, NVIDIA GeForce RTX 5070 Ti, 0 MiB, 15995 MiB, 0 %, 13.85 W, 38
2026/07/27 03:04:02.976, 0, NVIDIA GeForce RTX 4080 SUPER, 14632 MiB, 1414 MiB, 0 %, 29.76 W, 56
2026/07/27 03:04:02.978, 1, NVIDIA GeForce RTX 4080 SUPER, 14465 MiB, 1581 MiB, 2 %, 33.15 W, 55
2026/07/27 03:04:02.979, 2, NVIDIA GeForce RTX 5070 Ti, 0 MiB, 15995 MiB, 0 %, 13.94 W, 38
2026/07/27 03:04:04.064, 0, NVIDIA GeForce RTX 4080 SUPER, 14632 MiB, 1414 MiB, 0 %, 27.70 W, 56
2026/07/27 03:04:04.066, 1, NVIDIA GeForce RTX 4080 SUPER, 14445 MiB, 1601 MiB, 0 %, 38.67 W, 54
2026/07/27 03:04:04.067, 2, NVIDIA GeForce RTX 5070 Ti, 0 MiB, 15995 MiB, 0 %, 14.04 W, 38
2026/07/27 03:04:05.152, 0, NVIDIA GeForce RTX 4080 SUPER, 14632 MiB, 1414 MiB, 0 %, 19.29 W, 56
2026/07/27 03:04:05.154, 1, NVIDIA GeForce RTX 4080 SUPER, 14433 MiB, 1613 MiB, 0 %, 32.17 W, 54
2026/07/27 03:04:05.156, 2, NVIDIA GeForce RTX 5070 Ti, 0 MiB, 15995 MiB, 0 %, 13.98 W, 38
2026/07/27 03:04:06.241, 0, NVIDIA GeForce RTX 4080 SUPER, 14632 MiB, 1414 MiB, 0 %, 11.98 W, 56
2026/07/27 03:04:06.244, 1, NVIDIA GeForce RTX 4080 SUPER, 14433 MiB, 1613 MiB, 0 %, 11.43 W, 53
2026/07/27 03:04:06.246, 2, NVIDIA GeForce RTX 5070 Ti, 0 MiB, 15995 MiB, 0 %, 13.91 W, 38
